Start_idx,HR,HRV_MeanNN,HRV_SDNN,HRV_RMSSD,HRV_SDSD,HRV_CVNN,HRV_CVSD,HRV_MedianNN,HRV_MadNN,HRV_MCVNN,HRV_IQRNN,HRV_Prc80NN,HRV_pNN50,HRV_pNN20,HRV_MinNN,HRV_MaxNN,HRV_TINN,HRV_HTI,HRV_ULF,HRV_VLF,HRV_LF,HRV_HF,HRV_VHF,HRV_TP,HRV_LFHF,HRV_LFn,HRV_HFn,HRV_LnHF,HRV_SD1,HRV_SD2,HRV_SD1SD2,HRV_S
0.0,65.0,925.46875,81.58994817290389,67.49485577105528,68.03021827892618,0.08816067335920731,0.07293045364422654,955.0,66.717,0.0698607329842932,102.5,994.0,29.6875,62.5,670.0,1040.0,320.3125,9.142857142857142,,,0.013736915715021643,0.03407450390867751,0.0021121016686364695,0.04992352129233562,0.40314352783646434,0.27515919068654654,0.6825340646375581,-3.379205860311757,48.10462867062971,105.65876055261873,0.4552829166179107,15967.69582974243
6000.0,66.0,906.3076923076923,57.921531800823836,72.27335262736882,72.84316022842152,0.06390934590143524,0.0797448297535049,910.0,59.303999999999995,0.06516923076923076,70.0,962.0,41.53846153846154,78.46153846153847,740.0,1020.0,179.6875,9.285714285714286,,,0.02113578278820896,0.041993953098919255,0.004333687108928814,0.06746342299605702,0.5033053863355603,0.31329247538246413,0.6224699434740161,-3.170229644899252,51.50789256057509,64.26081142438709,0.8015443848103629,10398.479954190183
